DRUG_ID,DRUG_NAME,COSMIC_ID,CELL_LINE_NAME,PRED_LN_IC50,Resistance_Cut-Off
1510,Linsitinib,905946,MCF7_BREAST,4.094389,High
1912,Afuresertib,906851,EFM19_BREAST,1.2172414,Low
1564,SCH772984,910910,UACC812_BREAST,4.4756413,High
1939,UMI-77,905946,MCF7_BREAST,2.4271026,Low
1854,MN-64,909907,ZR7530_BREAST,5.6567593,High
1631,PRT062607,906801,BT20_BREAST,4.3595104,High
2172,JQ1,749711,HCC1187_BREAST,2.1838999,Low
1375,Temozolomide,749711,HCC1187_BREAST,5.216146,High
1200,Fulvestrant,905951,BT549_BREAST,2.96355,Low
1080,Paclitaxel,906826,CAL120_BREAST,-0.015411422,Low
1507,Ruxolitinib,749713,HCC1599_BREAST,4.591038,High
1613,VE-822,908123,MDAMB468_BREAST,2.1033838,Low
2044,Pyridostatin,1298157,JIMT1_BREAST,4.231048,High
1854,MN-64,1303900,HCC1500_BREAST,3.9079366,High
1179,MK-1775,749716,HCC2218_BREAST,2.5470366,Low
1853,OF-1,925338,MDAMB157_BREAST,3.0573456,Low
1073,5-Fluorouracil,749717,HCC38_BREAST,5.622252,High
1133,Serdemetan,907048,HCC70_BREAST,3.4866064,Low
1012,Vorinostat,907048,HCC70_BREAST,2.2720003,Low
1050,ZM447439,907045,HCC1419_BREAST,2.8827255,Low
1917,AZD6738,749711,HCC1187_BREAST,2.5880194,Low
1019,Bosutinib,908120,MDAMB175VII_BREAST,5.1237698,High
1862,MG-132,1298157,JIMT1_BREAST,0.17704536,Low
2046,MK-8776,910927,CAL51_BREAST,3.0768535,Low
1248,Daporinad,908120,MDAMB175VII_BREAST,1.489049,Low
1909,Venetoclax,906851,EFM19_BREAST,3.3460736,Low
1004,Vinblastine,749712,HCC1395_BREAST,-1.6206582,Low
1133,Serdemetan,749710,HCC1143_BREAST,3.3682692,Low
1067,CCT007093,906801,BT20_BREAST,4.3408446,High
1088,Irinotecan,908121,MDAMB361_BREAST,2.4219398,Low
1073,5-Fluorouracil,905951,BT549_BREAST,5.3346663,High
2110,GSK591,924106,CAL148_BREAST,2.2469263,Low
1062,Selumetinib,1303900,HCC1500_BREAST,3.9567673,High
1564,SCH772984,749717,HCC38_BREAST,4.2093644,High
2040,Foretinib,909778,UACC893_BREAST,1.401557,Low
1053,MK-2206,1303900,HCC1500_BREAST,2.4119017,Low
1007,Docetaxel,907045,HCC1419_BREAST,-1.3657593,Low
1941,Sepantronium bromide,908122,MDAMB453_BREAST,-4.465624,Low
2046,MK-8776,946382,CAMA1_BREAST,3.3960626,Low
1558,Lapatinib,749711,HCC1187_BREAST,2.4190557,Low
1852,LY2109761,910927,CAL51_BREAST,3.0276594,Low
1507,Ruxolitinib,907048,HCC70_BREAST,4.5849195,High
2044,Pyridostatin,909907,ZR7530_BREAST,5.482713,High
1010,Gefitinib,924106,CAL148_BREAST,2.6710725,Low
1022,AZD7762,908121,MDAMB361_BREAST,2.039766,Low
1576,IWP-2,946359,BT474_BREAST,2.9232244,Low
1249,BMS-345541,910927,CAL51_BREAST,1.3755988,Low
2177,SGC0946,749712,HCC1395_BREAST,2.7555945,Low
1068,Obatoclax Mesylate,906801,BT20_BREAST,2.1286283,Low
1014,Refametinib,910852,CAL851_BREAST,3.0924644,Low
1375,Temozolomide,910910,UACC812_BREAST,6.922764,High
1997,WEHI-539,907045,HCC1419_BREAST,3.5061603,Low
1617,AZD5582,909778,UACC893_BREAST,-0.16080974,Low
1913,AGI-5198,1240172,MDAMB436_BREAST,4.6104527,High
1062,Selumetinib,749717,HCC38_BREAST,4.2534456,High
1049,PD173074,907047,HCC1806_BREAST,4.4942927,High
1933,P22077,910852,CAL851_BREAST,4.2685666,High
1054,Palbociclib,910852,CAL851_BREAST,4.120351,High
1046,Wee1 Inhibitor,906801,BT20_BREAST,2.8750584,Low
1003,Camptothecin,909778,UACC893_BREAST,-0.25548494,Low
2110,GSK591,749709,HCC1954_BREAST,3.4277444,Low
2096,VX-11e,905951,BT549_BREAST,2.883037,Low
2046,MK-8776,749717,HCC38_BREAST,4.1580033,High
1177,Niraparib,910852,CAL851_BREAST,4.6393075,High
1931,MIRA-1,905957,HS578T_BREAST,5.2018814,High
1083,Crizotinib,910852,CAL851_BREAST,3.918977,High
2045,AMG-319,905945,T47D_BREAST,4.68848,High
1249,BMS-345541,905957,HS578T_BREAST,3.6505678,Low
2048,Vinorelbine,906844,DU4475_BREAST,-4.3836355,Low
2359,GSK2830371,749709,HCC1954_BREAST,4.0301805,High
1083,Crizotinib,749710,HCC1143_BREAST,3.1906805,Low
1036,PLX-4720,905957,HS578T_BREAST,4.7547946,High
1510,Linsitinib,906826,CAL120_BREAST,6.249279,High
1928,I-BRD9,1290922,HDQP1_BREAST,5.2516637,High
1133,Serdemetan,908121,MDAMB361_BREAST,3.5216236,Low
1615,CZC24832,749711,HCC1187_BREAST,4.061132,High
1997,WEHI-539,1240172,MDAMB436_BREAST,3.9801052,High
1093,GSK1904529A,905960,MDAMB231_BREAST,3.432405,Low
2110,GSK591,749717,HCC38_BREAST,4.8613086,High
1853,OF-1,908122,MDAMB453_BREAST,2.8480995,Low
1086,BI-2536,946359,BT474_BREAST,1.3548266,Low
1088,Irinotecan,749717,HCC38_BREAST,3.1444244,Low
2046,MK-8776,910852,CAL851_BREAST,3.9189236,High
1067,CCT007093,1303900,HCC1500_BREAST,4.411001,High
1615,CZC24832,910704,AU565_BREAST,4.8243437,High
1922,Cediranib,1290798,EFM192A_BREAST,3.3012898,Low
2359,GSK2830371,910910,UACC812_BREAST,5.414888,High
1917,AZD6738,949093,BT483_BREAST,4.3221545,High
2048,Vinorelbine,906801,BT20_BREAST,-0.54568523,Low
1030,KU-55933,908120,MDAMB175VII_BREAST,7.681575,High
1019,Bosutinib,946359,BT474_BREAST,3.6065958,Low
1054,Palbociclib,749715,HCC2157_BREAST,3.6025343,Low
1631,PRT062607,905946,MCF7_BREAST,4.870513,High
1563,EPZ5676,907045,HCC1419_BREAST,4.971568,High
1175,Rucaparib,749717,HCC38_BREAST,4.3910546,High
2096,VX-11e,906826,CAL120_BREAST,5.546025,High
1079,Dasatinib,749716,HCC2218_BREAST,2.536984,Low
1032,Afatinib,910852,CAL851_BREAST,2.4447007,Low
1057,Dactolisib,749715,HCC2157_BREAST,-2.037201,Low
1024,Lestaurtinib,910704,AU565_BREAST,0.48924774,Low
1060,PD0325901,908120,MDAMB175VII_BREAST,4.514434,High
1786,AZD4547,910704,AU565_BREAST,1.8661923,Low
1014,Refametinib,905946,MCF7_BREAST,3.358602,Low
1013,Nilotinib,1290798,EFM192A_BREAST,3.4351418,Low
1129,PF-4708671,1290798,EFM192A_BREAST,3.9526396,High
1622,Wnt-C59,910704,AU565_BREAST,3.5878377,Low
2359,GSK2830371,907045,HCC1419_BREAST,4.038909,High
1576,IWP-2,907045,HCC1419_BREAST,3.1627617,Low
1799,Ibrutinib,906844,DU4475_BREAST,-0.5249438,Low
1007,Docetaxel,749712,HCC1395_BREAST,-2.5434146,Low
1175,Rucaparib,749712,HCC1395_BREAST,3.4075377,Low
1047,Nutlin-3a (-),910852,CAL851_BREAST,4.943496,High
1067,CCT007093,749713,HCC1599_BREAST,4.622175,High
1613,VE-822,749716,HCC2218_BREAST,4.426656,High
1054,Palbociclib,907045,HCC1419_BREAST,3.7100968,Low
1053,MK-2206,906801,BT20_BREAST,3.3697674,Low
1013,Nilotinib,906801,BT20_BREAST,2.7579255,Low
1020,Lenalidomide,907046,HCC1569_BREAST,5.0184283,High
1019,Bosutinib,910910,UACC812_BREAST,3.8844967,High
1190,Gemcitabine,925338,MDAMB157_BREAST,0.2089342,Low
1051,Alisertib,910704,AU565_BREAST,2.6878276,Low
2177,SGC0946,906851,EFM19_BREAST,2.6446033,Low
1237,EPZ004777,908121,MDAMB361_BREAST,4.1742992,High
1635,Picolinici-acid,906826,CAL120_BREAST,7.3231387,High
1626,OTX015,905946,MCF7_BREAST,3.0321715,Low
1168,Erlotinib,910704,AU565_BREAST,2.3273368,Low
1629,ML323,905960,MDAMB231_BREAST,3.8468113,High
1853,OF-1,905960,MDAMB231_BREAST,2.6998715,Low
1614,WZ4003,908121,MDAMB361_BREAST,3.0237849,Low
1553,Uprosertib,749709,HCC1954_BREAST,1.3940295,Low
2048,Vinorelbine,1303900,HCC1500_BREAST,-1.8060665,Low
1553,Uprosertib,906851,EFM19_BREAST,1.8504866,Low
2048,Vinorelbine,925338,MDAMB157_BREAST,-3.4696567,Low
1086,BI-2536,905946,MCF7_BREAST,0.67408353,Low
1068,Obatoclax Mesylate,749710,HCC1143_BREAST,1.1004828,Low
1024,Lestaurtinib,908122,MDAMB453_BREAST,0.23296028,Low
1624,I-BET-762,905960,MDAMB231_BREAST,2.9771996,Low
1192,GSK269962A,910852,CAL851_BREAST,3.5470335,Low
1378,Bleomycin (50 uM),749717,HCC38_BREAST,4.5126486,High
1618,GSK2606414,908121,MDAMB361_BREAST,2.234997,Low
1012,Vorinostat,910927,CAL51_BREAST,-0.4703297,Low
1933,P22077,1290798,EFM192A_BREAST,3.8649883,High
1629,ML323,905951,BT549_BREAST,4.2471914,High
1622,Wnt-C59,905957,HS578T_BREAST,4.190729,High
1563,EPZ5676,749710,HCC1143_BREAST,5.3156233,High
1510,Linsitinib,910927,CAL51_BREAST,2.994883,Low
1080,Paclitaxel,906844,DU4475_BREAST,-4.276372,Low
1026,Tanespimycin,749710,HCC1143_BREAST,0.11207466,Low
1248,Daporinad,924106,CAL148_BREAST,-2.3121371,Low
2046,MK-8776,1290905,HCC1428_BREAST,4.8642936,High
1021,Axitinib,749714,HCC1937_BREAST,3.4346037,Low
1909,Venetoclax,907047,HCC1806_BREAST,3.8724713,High
1032,Afatinib,749713,HCC1599_BREAST,1.350569,Low
1006,Cytarabine,925338,MDAMB157_BREAST,0.32497257,Low
1910,ABT737,925338,MDAMB157_BREAST,2.6722033,Low
1200,Fulvestrant,749711,HCC1187_BREAST,2.3068068,Low
2173,PFI-1,907045,HCC1419_BREAST,3.8577354,High
1614,WZ4003,909907,ZR7530_BREAST,5.6268725,High
2045,AMG-319,909907,ZR7530_BREAST,5.9408484,High
1549,Sapitinib,946359,BT474_BREAST,2.5946765,Low
1004,Vinblastine,910852,CAL851_BREAST,-0.8978991,Low
1933,P22077,749712,HCC1395_BREAST,3.7532053,Low
1025,SB216763,749713,HCC1599_BREAST,3.9946182,High
1051,Alisertib,946359,BT474_BREAST,3.7369394,Low
1023,GW441756,906826,CAL120_BREAST,6.6844544,High
1578,Leflunomide,749714,HCC1937_BREAST,5.165615,High
1062,Selumetinib,1290798,EFM192A_BREAST,4.0327687,High
1558,Lapatinib,1303900,HCC1500_BREAST,3.2147622,Low
1011,Navitoclax,749716,HCC2218_BREAST,2.7224076,Low
1018,Veliparib,908121,MDAMB361_BREAST,4.959757,High
1053,MK-2206,905951,BT549_BREAST,3.1486375,Low
1629,ML323,1290922,HDQP1_BREAST,4.8314457,High
1593,Entinostat,1303900,HCC1500_BREAST,1.9219954,Low
1243,Piperlongumine,907046,HCC1569_BREAST,4.754319,High
2106,Uprosertib,908121,MDAMB361_BREAST,0.40388167,Low
1025,SB216763,905960,MDAMB231_BREAST,4.250145,High
1372,Trametinib,906844,DU4475_BREAST,1.6897421,Low
2110,GSK591,1290798,EFM192A_BREAST,4.6352735,High
1006,Cytarabine,1290905,HCC1428_BREAST,3.6950228,Low
1036,PLX-4720,749715,HCC2157_BREAST,4.2812977,High
1621,PCI-34051,910927,CAL51_BREAST,2.3350656,Low
2096,VX-11e,910852,CAL851_BREAST,3.441413,Low
1925,GDC0810,907047,HCC1806_BREAST,4.3255196,High
1618,GSK2606414,749715,HCC2157_BREAST,2.7751904,Low
1067,CCT007093,907047,HCC1806_BREAST,4.6448283,High
1079,Dasatinib,906844,DU4475_BREAST,-0.71289504,Low
1025,SB216763,908123,MDAMB468_BREAST,3.700866,Low
1928,I-BRD9,908123,MDAMB468_BREAST,3.4915998,Low
1062,Selumetinib,906851,EFM19_BREAST,4.2269278,High
1005,Cisplatin,906801,BT20_BREAST,4.4658475,High
1049,PD173074,749715,HCC2157_BREAST,4.476245,High
1598,LGK974,949093,BT483_BREAST,6.004057,High
1918,AZD8186,905945,T47D_BREAST,3.2218509,Low
2173,PFI-1,906826,CAL120_BREAST,6.2535696,High
1073,5-Fluorouracil,910704,AU565_BREAST,4.546952,High
1561,Taselisib,908123,MDAMB468_BREAST,0.6052411,Low
1073,5-Fluorouracil,906801,BT20_BREAST,4.9845243,High
1057,Dactolisib,907047,HCC1806_BREAST,-0.5192668,Low
2043,BIBR-1532,908120,MDAMB175VII_BREAST,7.3008304,High
1909,Venetoclax,749715,HCC2157_BREAST,1.8741455,Low
1561,Taselisib,905945,T47D_BREAST,1.8365941,Low
2177,SGC0946,909778,UACC893_BREAST,3.230109,Low
1924,Ipatasertib,1303900,HCC1500_BREAST,2.32375,Low
1578,Leflunomide,910852,CAL851_BREAST,4.6684957,High
1085,Sorafenib,946382,CAMA1_BREAST,2.1639843,Low
1564,SCH772984,906851,EFM19_BREAST,3.957902,High
1634,AGI-6780,925338,MDAMB157_BREAST,3.5015604,Low
1053,MK-2206,905957,HS578T_BREAST,3.8362813,High
1635,Picolinici-acid,749717,HCC38_BREAST,5.3580832,High
1631,PRT062607,1290905,HCC1428_BREAST,5.920661,High
1250,AZ960,749716,HCC2218_BREAST,3.440149,Low
1855,KRAS (G12C) Inhibitor-12,749710,HCC1143_BREAST,3.798686,High
1019,Bosutinib,909907,ZR7530_BREAST,4.7708282,High
1023,GW441756,905960,MDAMB231_BREAST,3.7670112,Low
1598,LGK974,749713,HCC1599_BREAST,3.5183082,Low
1058,Pictilisib,909907,ZR7530_BREAST,3.7677236,Low
1997,WEHI-539,909907,ZR7530_BREAST,5.443388,High
1029,Motesanib,906826,CAL120_BREAST,7.5671787,High
1926,GNE-317,949093,BT483_BREAST,2.4867048,Low
1593,Entinostat,907047,HCC1806_BREAST,2.6882393,Low
1549,Sapitinib,749715,HCC2157_BREAST,1.9890568,Low
1927,GSK2578215A,909907,ZR7530_BREAST,5.6065044,High
1913,AGI-5198,946382,CAMA1_BREAST,3.2599463,Low
1553,Uprosertib,946382,CAMA1_BREAST,0.11378229,Low
1862,MG-132,908120,MDAMB175VII_BREAST,1.2979422,Low
1626,OTX015,906826,CAL120_BREAST,6.0684814,High
1494,SN-38,749717,HCC38_BREAST,-1.106776,Low
1012,Vorinostat,1240172,MDAMB436_BREAST,3.3332555,Low
1072,Avagacestat,925338,MDAMB157_BREAST,4.022814,High
1941,Sepantronium bromide,908121,MDAMB361_BREAST,-4.5552063,Low
1618,GSK2606414,925338,MDAMB157_BREAST,2.6459215,Low
1010,Gefitinib,905946,MCF7_BREAST,3.5079975,Low
1249,BMS-345541,749714,HCC1937_BREAST,4.2212524,High
1149,TW 37,910852,CAL851_BREAST,3.6455975,Low
1168,Erlotinib,908121,MDAMB361_BREAST,1.942505,Low
1510,Linsitinib,907046,HCC1569_BREAST,3.648305,Low
1067,CCT007093,909907,ZR7530_BREAST,6.202451,High
1038,NU7441,749711,HCC1187_BREAST,2.0502236,Low
1019,Bosutinib,908123,MDAMB468_BREAST,1.8908197,Low
1912,Afuresertib,1290922,HDQP1_BREAST,2.2186139,Low
1924,Ipatasertib,909778,UACC893_BREAST,1.2630061,Low
1014,Refametinib,749709,HCC1954_BREAST,2.2651985,Low
1175,Rucaparib,910910,UACC812_BREAST,4.851452,High
1007,Docetaxel,749710,HCC1143_BREAST,-3.310822,Low
1043,JNK Inhibitor VIII,749717,HCC38_BREAST,5.3584204,High
1054,Palbociclib,946382,CAMA1_BREAST,3.4192991,Low
1067,CCT007093,1298157,JIMT1_BREAST,5.3711796,High
1930,Telomerase Inhibitor IX,905960,MDAMB231_BREAST,2.7126231,Low
2043,BIBR-1532,906851,EFM19_BREAST,4.972133,High
1190,Gemcitabine,907047,HCC1806_BREAST,1.8087562,Low
1023,GW441756,908121,MDAMB361_BREAST,2.8686182,Low
1919,Osimertinib,907047,HCC1806_BREAST,2.3902047,Low
1024,Lestaurtinib,924106,CAL148_BREAST,-0.4761234,Low
1017,Olaparib,749709,HCC1954_BREAST,3.4358027,Low
1007,Docetaxel,1240172,MDAMB436_BREAST,-3.3992157,Low
1239,YK-4-279,908121,MDAMB361_BREAST,2.072934,Low
1058,Pictilisib,906851,EFM19_BREAST,0.7427653,Low
1630,Entospletinib,907048,HCC70_BREAST,3.7618945,Low
1620,PFI3,749715,HCC2157_BREAST,4.362752,High
1862,MG-132,906851,EFM19_BREAST,-2.35305,Low
1558,Lapatinib,749714,HCC1937_BREAST,2.92724,Low
1050,ZM447439,909907,ZR7530_BREAST,4.083876,High
1005,Cisplatin,925338,MDAMB157_BREAST,4.0468946,High
1012,Vorinostat,924240,MDAMB415_BREAST,1.9022472,Low
1494,SN-38,925338,MDAMB157_BREAST,-3.6630785,Low
1494,SN-38,749709,HCC1954_BREAST,-1.6387382,Low
1029,Motesanib,749717,HCC38_BREAST,5.444974,High
1050,ZM447439,1290798,EFM192A_BREAST,2.9654276,Low
1089,Oxaliplatin,910910,UACC812_BREAST,5.282405,High
1598,LGK974,749709,HCC1954_BREAST,2.9087274,Low
1558,Lapatinib,910704,AU565_BREAST,2.4106627,Low
1918,AZD8186,906826,CAL120_BREAST,6.2494297,High
1014,Refametinib,910704,AU565_BREAST,3.0105155,Low
1239,YK-4-279,910852,CAL851_BREAST,3.8217692,High
1617,AZD5582,907047,HCC1806_BREAST,2.4697218,Low
2172,JQ1,907047,HCC1806_BREAST,2.8757722,Low
1058,Pictilisib,905945,T47D_BREAST,0.9269314,Low
1939,UMI-77,1298157,JIMT1_BREAST,3.4319093,Low
2111,VE821,749717,HCC38_BREAST,4.9103746,High
1910,ABT737,908122,MDAMB453_BREAST,1.5050356,Low
1635,Picolinici-acid,905945,T47D_BREAST,5.206866,High
1086,BI-2536,946382,CAMA1_BREAST,-0.1658179,Low
1852,LY2109761,1298157,JIMT1_BREAST,4.8791575,High
1939,UMI-77,749710,HCC1143_BREAST,2.1707811,Low
1024,Lestaurtinib,1290905,HCC1428_BREAST,2.4734957,Low
1849,Sabutoclax,1298157,JIMT1_BREAST,1.5141332,Low
1578,Leflunomide,946382,CAMA1_BREAST,3.5382307,Low
1018,Veliparib,749712,HCC1395_BREAST,4.831726,High
1615,CZC24832,749716,HCC2218_BREAST,4.6093054,High
2173,PFI-1,749710,HCC1143_BREAST,3.6243556,Low
1614,WZ4003,749717,HCC38_BREAST,4.443472,High
2177,SGC0946,1290922,HDQP1_BREAST,3.174994,Low
2173,PFI-1,1290922,HDQP1_BREAST,4.594088,High
1854,MN-64,946359,BT474_BREAST,4.4622903,High
1239,YK-4-279,924240,MDAMB415_BREAST,2.706357,Low
1006,Cytarabine,908120,MDAMB175VII_BREAST,4.9031568,High
1199,Tamoxifen,749715,HCC2157_BREAST,3.114521,Low
1004,Vinblastine,906826,CAL120_BREAST,1.4848585,Low
1073,5-Fluorouracil,908122,MDAMB453_BREAST,4.6865497,High
1558,Lapatinib,749716,HCC2218_BREAST,2.0403996,Low
1192,GSK269962A,1290798,EFM192A_BREAST,3.8001213,High
1910,ABT737,910910,UACC812_BREAST,3.0614018,Low
1626,OTX015,907046,HCC1569_BREAST,2.9275103,Low
2044,Pyridostatin,1290798,EFM192A_BREAST,4.203795,High
2177,SGC0946,906844,DU4475_BREAST,1.3643808,Low
1020,Lenalidomide,749715,HCC2157_BREAST,4.6553473,High
1020,Lenalidomide,905957,HS578T_BREAST,4.7673445,High
1372,Trametinib,905951,BT549_BREAST,1.6233287,Low
1634,AGI-6780,906851,EFM19_BREAST,3.8719056,High
2043,BIBR-1532,907045,HCC1419_BREAST,3.8631592,High
1563,EPZ5676,906844,DU4475_BREAST,0.37356436,Low
2106,Uprosertib,910910,UACC812_BREAST,2.3987586,Low
1068,Obatoclax Mesylate,1290905,HCC1428_BREAST,2.4593835,Low
2045,AMG-319,1240172,MDAMB436_BREAST,5.050713,High
1237,EPZ004777,749714,HCC1937_BREAST,4.8638854,High
1073,5-Fluorouracil,908123,MDAMB468_BREAST,4.315802,High
1083,Crizotinib,909907,ZR7530_BREAST,5.4994264,High
1018,Veliparib,905951,BT549_BREAST,4.9555936,High
1079,Dasatinib,749709,HCC1954_BREAST,1.8758605,Low
1378,Bleomycin (50 uM),924106,CAL148_BREAST,3.0349278,Low
1927,GSK2578215A,1290798,EFM192A_BREAST,4.481811,High
1014,Refametinib,905945,T47D_BREAST,3.3138955,Low
1179,MK-1775,946359,BT474_BREAST,1.5828669,Low
2048,Vinorelbine,908123,MDAMB468_BREAST,-2.484326,Low
1249,BMS-345541,906826,CAL120_BREAST,5.988137,High
1010,Gefitinib,924240,MDAMB415_BREAST,2.4660797,Low
1036,PLX-4720,910852,CAL851_BREAST,4.981268,High
2046,MK-8776,1240172,MDAMB436_BREAST,3.9682932,High
1930,Telomerase Inhibitor IX,749716,HCC2218_BREAST,2.9217694,Low
1019,Bosutinib,749715,HCC2157_BREAST,2.3655035,Low
1083,Crizotinib,749714,HCC1937_BREAST,3.9523275,High
1033,Vismodegib,925338,MDAMB157_BREAST,4.0081897,High
1199,Tamoxifen,907046,HCC1569_BREAST,3.2435875,Low
1940,WIKI4,906801,BT20_BREAST,3.5233326,Low
1080,Paclitaxel,909907,ZR7530_BREAST,1.777139,Low
1553,Uprosertib,749713,HCC1599_BREAST,1.9391835,Low
1634,AGI-6780,946382,CAMA1_BREAST,2.9824746,Low
1627,GSK343,749711,HCC1187_BREAST,2.3514395,Low
1997,WEHI-539,749710,HCC1143_BREAST,2.8426366,Low
1005,Cisplatin,749715,HCC2157_BREAST,4.6832695,High
2044,Pyridostatin,906801,BT20_BREAST,3.3975616,Low
2110,GSK591,908121,MDAMB361_BREAST,3.313548,Low
1613,VE-822,905945,T47D_BREAST,4.0163536,High
1013,Nilotinib,910704,AU565_BREAST,2.6948545,Low
2359,GSK2830371,924106,CAL148_BREAST,2.940264,Low
1032,Afatinib,925338,MDAMB157_BREAST,1.2079824,Low
1576,IWP-2,908121,MDAMB361_BREAST,1.803279,Low
2045,AMG-319,905957,HS578T_BREAST,4.3372803,High
1375,Temozolomide,906826,CAL120_BREAST,9.028646,High
1494,SN-38,908121,MDAMB361_BREAST,-3.226697,Low
1939,UMI-77,906826,CAL120_BREAST,4.8497963,High
1910,ABT737,908123,MDAMB468_BREAST,1.4045935,Low
1930,Telomerase Inhibitor IX,910704,AU565_BREAST,2.2658358,Low
1175,Rucaparib,949093,BT483_BREAST,6.1855874,High
1576,IWP-2,906826,CAL120_BREAST,5.5879965,High
1529,Pevonedistat,946382,CAMA1_BREAST,1.176751,Low
1557,LCL161,749713,HCC1599_BREAST,4.6738358,High
2169,AZD6482,946359,BT474_BREAST,3.3215115,Low
1017,Olaparib,907047,HCC1806_BREAST,3.9020317,High
1062,Selumetinib,905946,MCF7_BREAST,4.128347,High
1941,Sepantronium bromide,910910,UACC812_BREAST,-3.3701892,Low
1010,Gefitinib,905951,BT549_BREAST,3.2322273,Low
1913,AGI-5198,1290905,HCC1428_BREAST,5.0446887,High
1239,YK-4-279,908122,MDAMB453_BREAST,2.5879788,Low
1014,Refametinib,749713,HCC1599_BREAST,2.988029,Low
1057,Dactolisib,749713,HCC1599_BREAST,-1.9158485,Low
1932,NVP-ADW742,1290798,EFM192A_BREAST,4.1137385,High
1627,GSK343,906801,BT20_BREAST,2.6810572,Low
1635,Picolinici-acid,910927,CAL51_BREAST,2.789632,Low
1049,PD173074,910852,CAL851_BREAST,5.091119,High
1053,MK-2206,908123,MDAMB468_BREAST,1.6422802,Low
1622,Wnt-C59,1303900,HCC1500_BREAST,3.6910305,Low
1622,Wnt-C59,1240172,MDAMB436_BREAST,4.9557147,High
1511,Epirubicin,906801,BT20_BREAST,1.5089852,Low
1931,MIRA-1,910852,CAL851_BREAST,5.6444154,High
1862,MG-132,946359,BT474_BREAST,-0.9376653,Low
1629,ML323,749713,HCC1599_BREAST,3.8548284,High
1250,AZ960,749714,HCC1937_BREAST,3.5726728,Low
1038,NU7441,1290798,EFM192A_BREAST,3.449364,Low
1068,Obatoclax Mesylate,1290922,HDQP1_BREAST,2.3193562,Low
1083,Crizotinib,949093,BT483_BREAST,6.006486,High
1786,AZD4547,749714,HCC1937_BREAST,2.7261481,Low
1372,Trametinib,908123,MDAMB468_BREAST,0.89461625,Low
2048,Vinorelbine,749711,HCC1187_BREAST,-1.2581178,Low
1096,Tozasertib,946359,BT474_BREAST,4.203962,High
1083,Crizotinib,910927,CAL51_BREAST,2.4664829,Low
1012,Vorinostat,749715,HCC2157_BREAST,1.5651819,Low
1852,LY2109761,905946,MCF7_BREAST,4.1536937,High
2096,VX-11e,1303900,HCC1500_BREAST,3.605818,Low
2046,MK-8776,905957,HS578T_BREAST,3.010109,Low
1375,Temozolomide,924106,CAL148_BREAST,4.484722,High
1576,IWP-2,1303900,HCC1500_BREAST,3.1100056,Low
1133,Serdemetan,906844,DU4475_BREAST,0.6179248,Low
2169,AZD6482,924106,CAL148_BREAST,1.2988598,Low
1510,Linsitinib,749714,HCC1937_BREAST,4.5293827,High
1927,GSK2578215A,925338,MDAMB157_BREAST,3.346329,Low
2177,SGC0946,905946,MCF7_BREAST,2.863165,Low
1912,Afuresertib,909778,UACC893_BREAST,0.36345243,Low
1249,BMS-345541,946359,BT474_BREAST,3.906169,High
1922,Cediranib,905945,T47D_BREAST,3.1087217,Low
1057,Dactolisib,906851,EFM19_BREAST,-1.8641834,Low
1511,Epirubicin,908120,MDAMB175VII_BREAST,2.9530358,Low
1910,ABT737,749714,HCC1937_BREAST,2.0906372,Low
1912,Afuresertib,909907,ZR7530_BREAST,3.651638,Low
1939,UMI-77,749709,HCC1954_BREAST,2.4548028,Low
1086,BI-2536,925338,MDAMB157_BREAST,-1.3976951,Low
1511,Epirubicin,925338,MDAMB157_BREAST,-2.1329439,Low
1243,Piperlongumine,749713,HCC1599_BREAST,4.014948,High
1617,AZD5582,946382,CAMA1_BREAST,-0.09115039,Low
1200,Fulvestrant,910927,CAL51_BREAST,1.6474719,Low
1059,AZD8055,749717,HCC38_BREAST,1.4609686,Low
1862,MG-132,1303900,HCC1500_BREAST,-0.42893165,Low
1629,ML323,908121,MDAMB361_BREAST,3.3873067,Low
2110,GSK591,909907,ZR7530_BREAST,5.941929,High
1933,P22077,906826,CAL120_BREAST,6.2064013,High
1060,PD0325901,907047,HCC1806_BREAST,2.0771425,Low
1632,Ribociclib,908121,MDAMB361_BREAST,3.542094,Low
1372,Trametinib,749711,HCC1187_BREAST,1.3723583,Low
1059,AZD8055,908123,MDAMB468_BREAST,-0.20810406,Low
1051,Alisertib,1298157,JIMT1_BREAST,3.6763542,Low
1191,Bortezomib,749709,HCC1954_BREAST,-4.3969865,Low
1631,PRT062607,908121,MDAMB361_BREAST,4.1182165,High
1912,Afuresertib,749712,HCC1395_BREAST,2.694306,Low
1062,Selumetinib,908120,MDAMB175VII_BREAST,5.8358936,High
1849,Sabutoclax,946382,CAMA1_BREAST,-1.7904692,Low
1930,Telomerase Inhibitor IX,905951,BT549_BREAST,3.296483,Low
1854,MN-64,749709,HCC1954_BREAST,3.2883844,Low
1026,Tanespimycin,907046,HCC1569_BREAST,-0.662468,Low
1634,AGI-6780,749709,HCC1954_BREAST,2.9178944,Low
1054,Palbociclib,749713,HCC1599_BREAST,3.8108506,High
1060,PD0325901,749709,HCC1954_BREAST,2.1244419,Low
1083,Crizotinib,905957,HS578T_BREAST,3.3839498,Low
1631,PRT062607,910852,CAL851_BREAST,4.4934716,High
1614,WZ4003,908122,MDAMB453_BREAST,3.6417913,Low
1941,Sepantronium bromide,924240,MDAMB415_BREAST,-3.0698857,Low
1096,Tozasertib,749716,HCC2218_BREAST,3.4513469,Low
1042,Doramapimod,1298157,JIMT1_BREAST,4.9321575,High
1133,Serdemetan,749715,HCC2157_BREAST,3.6232896,Low
1549,Sapitinib,1240172,MDAMB436_BREAST,3.9977658,High
1026,Tanespimycin,906801,BT20_BREAST,1.1966581,Low
1067,CCT007093,749712,HCC1395_BREAST,4.762761,High
1494,SN-38,910910,UACC812_BREAST,-1.8403797,Low
1033,Vismodegib,749711,HCC1187_BREAST,3.7099197,Low
2110,GSK591,924240,MDAMB415_BREAST,3.7739677,High
2043,BIBR-1532,749714,HCC1937_BREAST,5.0435853,High
1931,MIRA-1,749716,HCC2218_BREAST,4.7676706,High
1912,Afuresertib,905957,HS578T_BREAST,2.8681803,Low
1024,Lestaurtinib,749709,HCC1954_BREAST,1.2260158,Low
1558,Lapatinib,1290905,HCC1428_BREAST,4.306043,High
1088,Irinotecan,924240,MDAMB415_BREAST,2.7925653,Low
1020,Lenalidomide,749717,HCC38_BREAST,5.3792124,High
1561,Taselisib,910910,UACC812_BREAST,1.5895245,Low
1621,PCI-34051,925338,MDAMB157_BREAST,3.422828,Low
1026,Tanespimycin,910910,UACC812_BREAST,0.018372014,Low
1618,GSK2606414,905960,MDAMB231_BREAST,3.4363124,Low
1598,LGK974,924240,MDAMB415_BREAST,3.8234055,High
1620,PFI3,1290905,HCC1428_BREAST,5.9448485,High
1849,Sabutoclax,946359,BT474_BREAST,0.37238944,Low
1047,Nutlin-3a (-),907047,HCC1806_BREAST,4.3828745,High
1047,Nutlin-3a (-),906844,DU4475_BREAST,2.388404,Low
2172,JQ1,909778,UACC893_BREAST,1.4141493,Low
1786,AZD4547,910927,CAL51_BREAST,0.14033124,Low
1175,Rucaparib,1298157,JIMT1_BREAST,4.191424,High
1168,Erlotinib,749709,HCC1954_BREAST,1.8394043,Low
1060,PD0325901,905946,MCF7_BREAST,3.1071537,Low
2111,VE821,910927,CAL51_BREAST,2.1315606,Low
2110,GSK591,749712,HCC1395_BREAST,3.7896333,High
2110,GSK591,905951,BT549_BREAST,3.9090593,High
1033,Vismodegib,908123,MDAMB468_BREAST,3.6225636,Low
1928,I-BRD9,925338,MDAMB157_BREAST,3.1338973,Low
1059,AZD8055,1290922,HDQP1_BREAST,1.7279416,Low
1622,Wnt-C59,924240,MDAMB415_BREAST,3.6597471,Low
1011,Navitoclax,946359,BT474_BREAST,1.9552834,Low
1912,Afuresertib,908121,MDAMB361_BREAST,-0.20026185,Low
1008,Methotrexate,906801,BT20_BREAST,1.216847,Low
1941,Sepantronium bromide,909907,ZR7530_BREAST,1.1352634,Low
1912,Afuresertib,749713,HCC1599_BREAST,1.4820173,Low
1621,PCI-34051,906826,CAL120_BREAST,6.4834127,High
1013,Nilotinib,749711,HCC1187_BREAST,2.2423222,Low
1149,TW 37,924240,MDAMB415_BREAST,3.0064368,Low
1024,Lestaurtinib,749717,HCC38_BREAST,1.5138688,Low
1008,Methotrexate,1240172,MDAMB436_BREAST,1.8772042,Low
1080,Paclitaxel,749717,HCC38_BREAST,-2.0915973,Low
1915,AZD3759,749713,HCC1599_BREAST,3.3697248,Low
2096,VX-11e,749709,HCC1954_BREAST,2.4934688,Low
1919,Osimertinib,905951,BT549_BREAST,2.5527198,Low
1375,Temozolomide,905960,MDAMB231_BREAST,6.0459976,High
1560,Alpelisib,910852,CAL851_BREAST,3.860667,High
1928,I-BRD9,907048,HCC70_BREAST,4.4514,High
1180,Dinaciclib,905945,T47D_BREAST,-1.7005916,Low
1013,Nilotinib,749710,HCC1143_BREAST,2.7624593,Low
1023,GW441756,910704,AU565_BREAST,2.8291168,Low
1029,Motesanib,749714,HCC1937_BREAST,5.639332,High
2110,GSK591,946359,BT474_BREAST,4.4934654,High
1007,Docetaxel,1303900,HCC1500_BREAST,-3.095786,Low
1512,Cyclophosphamide,1290922,HDQP1_BREAST,5.402673,High
1013,Nilotinib,749709,HCC1954_BREAST,1.8803132,Low
1057,Dactolisib,908120,MDAMB175VII_BREAST,1.5680766,Low
1932,NVP-ADW742,910704,AU565_BREAST,3.285743,Low
1926,GNE-317,1290922,HDQP1_BREAST,1.434267,Low
1057,Dactolisib,910927,CAL51_BREAST,-2.948657,Low
1997,WEHI-539,905945,T47D_BREAST,3.4584575,Low
2110,GSK591,907045,HCC1419_BREAST,3.8900626,High
2177,SGC0946,749716,HCC2218_BREAST,2.3763928,Low
1011,Navitoclax,1240172,MDAMB436_BREAST,2.5745776,Low
2110,GSK591,908120,MDAMB175VII_BREAST,7.116824,High
1047,Nutlin-3a (-),906826,CAL120_BREAST,7.2532372,High
1180,Dinaciclib,749713,HCC1599_BREAST,-2.5675216,Low
2177,SGC0946,749709,HCC1954_BREAST,1.8596765,Low
1564,SCH772984,924240,MDAMB415_BREAST,3.501996,Low
1248,Daporinad,905957,HS578T_BREAST,0.63399523,Low
1635,Picolinici-acid,908122,MDAMB453_BREAST,4.2239523,High
1617,AZD5582,906844,DU4475_BREAST,-1.7655432,Low
1004,Vinblastine,905946,MCF7_BREAST,-2.7362304,Low
1507,Ruxolitinib,905945,T47D_BREAST,5.4316216,High
1007,Docetaxel,910704,AU565_BREAST,-4.387806,Low
2110,GSK591,909778,UACC893_BREAST,3.7531033,Low
1054,Palbociclib,924240,MDAMB415_BREAST,3.7877796,High
1054,Palbociclib,925338,MDAMB157_BREAST,3.4928808,Low
1043,JNK Inhibitor VIII,749711,HCC1187_BREAST,3.8707414,High
2359,GSK2830371,905945,T47D_BREAST,5.009139,High
1018,Veliparib,907047,HCC1806_BREAST,4.7934465,High
1855,KRAS (G12C) Inhibitor-12,905960,MDAMB231_BREAST,3.6692064,Low
1020,Lenalidomide,749713,HCC1599_BREAST,4.4826922,High
1018,Veliparib,1290905,HCC1428_BREAST,6.125911,High
1624,I-BET-762,1290798,EFM192A_BREAST,4.1428432,High
2046,MK-8776,749712,HCC1395_BREAST,2.8198175,Low
1014,Refametinib,910927,CAL51_BREAST,1.3873692,Low
1088,Irinotecan,910704,AU565_BREAST,2.2748652,Low
1936,Savolitinib,907047,HCC1806_BREAST,2.9937992,Low
1615,CZC24832,906801,BT20_BREAST,4.6879935,High
1941,Sepantronium bromide,946382,CAMA1_BREAST,-5.030015,Low
2048,Vinorelbine,905951,BT549_BREAST,-1.6046565,Low
1054,Palbociclib,749716,HCC2218_BREAST,3.4742918,Low
1180,Dinaciclib,907045,HCC1419_BREAST,0.21264556,Low
1085,Sorafenib,910852,CAL851_BREAST,3.334671,Low
1507,Ruxolitinib,910927,CAL51_BREAST,4.217483,High
1024,Lestaurtinib,905957,HS578T_BREAST,2.250292,Low
1564,SCH772984,908120,MDAMB175VII_BREAST,6.258157,High
1069,EHT-1864,905957,HS578T_BREAST,3.5494576,Low
1799,Ibrutinib,905951,BT549_BREAST,3.490934,Low
1149,TW 37,949093,BT483_BREAST,5.190998,High
1168,Erlotinib,907045,HCC1419_BREAST,2.7112727,Low
1038,NU7441,1303900,HCC1500_BREAST,2.9980292,Low
1043,JNK Inhibitor VIII,907048,HCC70_BREAST,4.603708,High
1940,WIKI4,1303900,HCC1500_BREAST,4.071065,High
1003,Camptothecin,906801,BT20_BREAST,0.4403826,Low
1013,Nilotinib,905951,BT549_BREAST,2.7512612,Low
1632,Ribociclib,749712,HCC1395_BREAST,3.745107,Low
1072,Avagacestat,1290798,EFM192A_BREAST,5.324509,High
1068,Obatoclax Mesylate,910852,CAL851_BREAST,2.8703482,Low
1919,Osimertinib,906851,EFM19_BREAST,1.0871382,Low
1618,GSK2606414,1290922,HDQP1_BREAST,3.823212,High
1051,Alisertib,908120,MDAMB175VII_BREAST,5.5370474,High
1799,Ibrutinib,946359,BT474_BREAST,3.4209065,Low
1941,Sepantronium bromide,946359,BT474_BREAST,-2.8591146,Low
1620,PFI3,749714,HCC1937_BREAST,5.3303785,High
1622,Wnt-C59,1298157,JIMT1_BREAST,5.382038,High
1237,EPZ004777,749709,HCC1954_BREAST,3.3049903,Low
1852,LY2109761,907048,HCC70_BREAST,3.848919,High
1029,Motesanib,906851,EFM19_BREAST,5.5226493,High
1918,AZD8186,1303900,HCC1500_BREAST,3.086842,Low
1079,Dasatinib,1290922,HDQP1_BREAST,2.5126836,Low
1922,Cediranib,749713,HCC1599_BREAST,3.6681242,Low
1511,Epirubicin,905946,MCF7_BREAST,-0.90524894,Low
1924,Ipatasertib,749714,HCC1937_BREAST,2.959561,Low
1919,Osimertinib,946359,BT474_BREAST,0.37710106,Low
1043,JNK Inhibitor VIII,909907,ZR7530_BREAST,6.3408456,High
1005,Cisplatin,905951,BT549_BREAST,4.8116703,High
1915,AZD3759,906801,BT20_BREAST,2.648868,Low
1049,PD173074,749710,HCC1143_BREAST,4.314122,High
1053,MK-2206,905960,MDAMB231_BREAST,3.0735137,Low
1852,LY2109761,906826,CAL120_BREAST,6.705679,High
1046,Wee1 Inhibitor,908121,MDAMB361_BREAST,2.7932801,Low
2045,AMG-319,910852,CAL851_BREAST,4.873442,High
1629,ML323,924240,MDAMB415_BREAST,3.748131,Low
1926,GNE-317,905951,BT549_BREAST,1.1497478,Low
1059,AZD8055,908122,MDAMB453_BREAST,-0.5828439,Low
1512,Cyclophosphamide,749709,HCC1954_BREAST,4.2463784,High
1558,Lapatinib,906801,BT20_BREAST,2.6962314,Low
1249,BMS-345541,1298157,JIMT1_BREAST,4.223601,High
1507,Ruxolitinib,908123,MDAMB468_BREAST,3.8547907,High
1239,YK-4-279,908123,MDAMB468_BREAST,2.222151,Low
1917,AZD6738,906826,CAL120_BREAST,5.6137867,High
1927,GSK2578215A,908121,MDAMB361_BREAST,3.2247612,Low
1624,I-BET-762,910852,CAL851_BREAST,3.816052,High
1016,Temsirolimus,949093,BT483_BREAST,2.5093644,Low
2173,PFI-1,909907,ZR7530_BREAST,5.7833242,High
1083,Crizotinib,946359,BT474_BREAST,4.238799,High
1511,Epirubicin,1303900,HCC1500_BREAST,0.31690347,Low
2107,LJI308,908123,MDAMB468_BREAST,3.6637218,Low
1011,Navitoclax,749717,HCC38_BREAST,1.6816204,Low
1627,GSK343,905945,T47D_BREAST,2.9593725,Low
1248,Daporinad,909907,ZR7530_BREAST,2.1243722,Low
1190,Gemcitabine,905946,MCF7_BREAST,1.986296,Low
1618,GSK2606414,907045,HCC1419_BREAST,2.936654,Low
1058,Pictilisib,925338,MDAMB157_BREAST,-0.47458434,Low
1020,Lenalidomide,749710,HCC1143_BREAST,4.66883,High
1930,Telomerase Inhibitor IX,910852,CAL851_BREAST,3.9477706,High
2106,Uprosertib,749711,HCC1187_BREAST,2.5408392,Low
1248,Daporinad,1240172,MDAMB436_BREAST,-0.9134523,Low
1862,MG-132,910852,CAL851_BREAST,1.0778576,Low
1080,Paclitaxel,906801,BT20_BREAST,-2.0245156,Low
1068,Obatoclax Mesylate,946382,CAMA1_BREAST,-0.60985947,Low
1510,Linsitinib,908121,MDAMB361_BREAST,3.7915516,High
1799,Ibrutinib,749714,HCC1937_BREAST,4.176,High
1933,P22077,1290922,HDQP1_BREAST,4.132773,High
1133,Serdemetan,749714,HCC1937_BREAST,4.199252,High
1129,PF-4708671,905960,MDAMB231_BREAST,3.7370708,Low
1854,MN-64,906844,DU4475_BREAST,-0.14949296,Low
1053,MK-2206,749711,HCC1187_BREAST,2.8444076,Low
1553,Uprosertib,910704,AU565_BREAST,0.9394905,Low
2044,Pyridostatin,907045,HCC1419_BREAST,3.4517057,Low
1004,Vinblastine,905957,HS578T_BREAST,-1.6281652,Low
1018,Veliparib,905957,HS578T_BREAST,4.8359523,High
1248,Daporinad,749716,HCC2218_BREAST,-0.39946264,Low
1618,GSK2606414,910927,CAL51_BREAST,1.9320557,Low
1038,NU7441,749713,HCC1599_BREAST,2.3446925,Low
1096,Tozasertib,905946,MCF7_BREAST,3.6281166,Low
1925,GDC0810,906801,BT20_BREAST,4.1404004,High
1046,Wee1 Inhibitor,906851,EFM19_BREAST,2.8967657,Low
2175,CHIR-99021,749713,HCC1599_BREAST,4.2073593,High
1507,Ruxolitinib,749715,HCC2157_BREAST,4.384205,High
1931,MIRA-1,925338,MDAMB157_BREAST,3.3459156,Low
1239,YK-4-279,1298157,JIMT1_BREAST,3.8773098,High
1083,Crizotinib,925338,MDAMB157_BREAST,3.5109305,Low
1925,GDC0810,924240,MDAMB415_BREAST,3.7915242,High
1560,Alpelisib,905951,BT549_BREAST,3.2319,Low
1622,Wnt-C59,1290905,HCC1428_BREAST,5.108122,High
1010,Gefitinib,907045,HCC1419_BREAST,3.091819,Low
1051,Alisertib,907048,HCC70_BREAST,2.835176,Low
1933,P22077,907046,HCC1569_BREAST,3.476518,Low
1129,PF-4708671,905945,T47D_BREAST,3.8646393,High
1003,Camptothecin,949093,BT483_BREAST,1.7701122,Low
1915,AZD3759,910704,AU565_BREAST,2.317553,Low
2096,VX-11e,1290922,HDQP1_BREAST,3.196356,Low
1909,Venetoclax,749711,HCC1187_BREAST,2.7749972,Low
1024,Lestaurtinib,749716,HCC2218_BREAST,2.4472008,Low
1560,Alpelisib,907048,HCC70_BREAST,2.2011304,Low
1020,Lenalidomide,909907,ZR7530_BREAST,6.855124,High
1576,IWP-2,1290798,EFM192A_BREAST,3.225396,Low
1062,Selumetinib,924106,CAL148_BREAST,3.1288085,Low
1093,GSK1904529A,749716,HCC2218_BREAST,3.5009558,Low
1062,Selumetinib,749716,HCC2218_BREAST,3.3311212,Low
1004,Vinblastine,905951,BT549_BREAST,-1.8997769,Low
1032,Afatinib,1290905,HCC1428_BREAST,3.0142524,Low
1089,Oxaliplatin,1290798,EFM192A_BREAST,4.736979,High
1080,Paclitaxel,749710,HCC1143_BREAST,-2.3280082,Low
1088,Irinotecan,1298157,JIMT1_BREAST,3.52501,Low
1180,Dinaciclib,946382,CAMA1_BREAST,-3.4839687,Low
1239,YK-4-279,1240172,MDAMB436_BREAST,4.021858,High
1058,Pictilisib,906801,BT20_BREAST,1.7592735,Low
1175,Rucaparib,925338,MDAMB157_BREAST,3.560141,Low
1017,Olaparib,909907,ZR7530_BREAST,5.7115135,High
1940,WIKI4,925338,MDAMB157_BREAST,3.717238,Low
1618,GSK2606414,946359,BT474_BREAST,3.1719573,Low
1079,Dasatinib,749710,HCC1143_BREAST,2.2226527,Low
1614,WZ4003,906844,DU4475_BREAST,-0.21783902,Low
1008,Methotrexate,749712,HCC1395_BREAST,1.8955474,Low
1047,Nutlin-3a (-),907048,HCC70_BREAST,4.5450773,High
1919,Osimertinib,925338,MDAMB157_BREAST,1.026625,Low
1913,AGI-5198,905957,HS578T_BREAST,3.9925911,High
1250,AZ960,1290798,EFM192A_BREAST,3.6882074,Low
1179,MK-1775,749717,HCC38_BREAST,2.2832642,Low
2045,AMG-319,909778,UACC893_BREAST,4.473115,High
1008,Methotrexate,910927,CAL51_BREAST,-1.8278577,Low
1067,CCT007093,906851,EFM19_BREAST,5.20991,High
1050,ZM447439,906826,CAL120_BREAST,5.0535603,High
1016,Temsirolimus,905945,T47D_BREAST,0.7761986,Low
1179,MK-1775,1303900,HCC1500_BREAST,1.9369509,Low
1017,Olaparib,907048,HCC70_BREAST,3.8928475,High
1069,EHT-1864,946382,CAMA1_BREAST,2.5038676,Low
1016,Temsirolimus,1290922,HDQP1_BREAST,1.4767137,Low
1006,Cytarabine,905960,MDAMB231_BREAST,2.1510508,Low
2096,VX-11e,910910,UACC812_BREAST,3.8646674,High
1913,AGI-5198,910910,UACC812_BREAST,5.090489,High
1928,I-BRD9,749713,HCC1599_BREAST,3.0654404,Low
1614,WZ4003,905945,T47D_BREAST,4.1857214,High
1561,Taselisib,749715,HCC2157_BREAST,0.3078211,Low
1020,Lenalidomide,905945,T47D_BREAST,5.7556787,High
1050,ZM447439,924106,CAL148_BREAST,1.3263617,Low
1192,GSK269962A,1290905,HCC1428_BREAST,4.6336637,High
1133,Serdemetan,910910,UACC812_BREAST,4.8430667,High
1620,PFI3,907046,HCC1569_BREAST,4.8692136,High
1046,Wee1 Inhibitor,1290905,HCC1428_BREAST,4.090965,High
1057,Dactolisib,1240172,MDAMB436_BREAST,0.47589123,Low
1507,Ruxolitinib,1298157,JIMT1_BREAST,5.4005814,High
1529,Pevonedistat,905951,BT549_BREAST,2.3028045,Low
1786,AZD4547,1290922,HDQP1_BREAST,3.4288025,Low
1083,Crizotinib,749711,HCC1187_BREAST,2.5631914,Low
1086,BI-2536,909907,ZR7530_BREAST,4.094737,High
1849,Sabutoclax,749715,HCC2157_BREAST,-0.37014633,Low
1069,EHT-1864,925338,MDAMB157_BREAST,3.5576403,Low
1931,MIRA-1,1290798,EFM192A_BREAST,5.4865785,High
1060,PD0325901,905945,T47D_BREAST,3.100862,Low
2173,PFI-1,924240,MDAMB415_BREAST,3.6581142,Low
1928,I-BRD9,905957,HS578T_BREAST,4.4904604,High
1558,Lapatinib,906851,EFM19_BREAST,2.800067,Low
1560,Alpelisib,905946,MCF7_BREAST,2.7341998,Low
1997,WEHI-539,907046,HCC1569_BREAST,2.1985443,Low
1621,PCI-34051,749711,HCC1187_BREAST,3.0782375,Low
1912,Afuresertib,749710,HCC1143_BREAST,1.8221098,Low
1011,Navitoclax,908121,MDAMB361_BREAST,0.36968845,Low
1862,MG-132,910927,CAL51_BREAST,-2.709293,Low
1062,Selumetinib,906826,CAL120_BREAST,6.045067,High
1024,Lestaurtinib,946382,CAMA1_BREAST,-0.25174803,Low
1922,Cediranib,906851,EFM19_BREAST,3.3633742,Low
1622,Wnt-C59,906801,BT20_BREAST,4.013624,High
1248,Daporinad,907046,HCC1569_BREAST,-1.7819848,Low
1563,EPZ5676,906826,CAL120_BREAST,8.145598,High
1039,SL0101,909778,UACC893_BREAST,1.4571047,Low
1042,Doramapimod,1303900,HCC1500_BREAST,3.921693,High
1012,Vorinostat,905957,HS578T_BREAST,2.998405,Low
1096,Tozasertib,1303900,HCC1500_BREAST,3.6105404,Low
2107,LJI308,946359,BT474_BREAST,5.7173257,High
1010,Gefitinib,909907,ZR7530_BREAST,4.5453324,High
1250,AZ960,906844,DU4475_BREAST,-1.3459798,Low
2044,Pyridostatin,949093,BT483_BREAST,5.9150085,High
1922,Cediranib,907048,HCC70_BREAST,2.7474906,Low
1058,Pictilisib,1240172,MDAMB436_BREAST,2.3915582,Low
1250,AZ960,906801,BT20_BREAST,3.3224325,Low
1008,Methotrexate,924106,CAL148_BREAST,-0.6036659,Low
2173,PFI-1,906851,EFM19_BREAST,4.1371975,High
1033,Vismodegib,905957,HS578T_BREAST,4.3504004,High
1060,PD0325901,908121,MDAMB361_BREAST,2.4920254,Low
1634,AGI-6780,749713,HCC1599_BREAST,3.8137302,High
1179,MK-1775,1240172,MDAMB436_BREAST,2.7217884,Low
1038,NU7441,905960,MDAMB231_BREAST,2.460013,Low
1919,Osimertinib,949093,BT483_BREAST,3.4357967,Low
1080,Paclitaxel,749716,HCC2218_BREAST,-1.0066953,Low
1632,Ribociclib,1290922,HDQP1_BREAST,4.4616704,High
1936,Savolitinib,906851,EFM19_BREAST,3.0231886,Low
2043,BIBR-1532,906844,DU4475_BREAST,0.5775507,Low
1057,Dactolisib,749717,HCC38_BREAST,0.6488328,Low
1915,AZD3759,924240,MDAMB415_BREAST,2.0297143,Low
1007,Docetaxel,924106,CAL148_BREAST,-4.7616167,Low
1005,Cisplatin,910852,CAL851_BREAST,5.074065,High
1918,AZD8186,908120,MDAMB175VII_BREAST,5.117714,High
1922,Cediranib,910927,CAL51_BREAST,2.644743,Low
1855,KRAS (G12C) Inhibitor-12,907047,HCC1806_BREAST,3.9181163,High
1069,EHT-1864,908123,MDAMB468_BREAST,2.378138,Low
1007,Docetaxel,910910,UACC812_BREAST,-3.2113068,Low
1067,CCT007093,910910,UACC812_BREAST,5.535784,High
1940,WIKI4,910910,UACC812_BREAST,5.0087776,High
1910,ABT737,749710,HCC1143_BREAST,2.1794245,Low
2096,VX-11e,946382,CAMA1_BREAST,2.4468334,Low
1060,PD0325901,907045,HCC1419_BREAST,3.4554176,Low
1089,Oxaliplatin,749717,HCC38_BREAST,5.008412,High
1080,Paclitaxel,949093,BT483_BREAST,-0.30791217,Low
1510,Linsitinib,905945,T47D_BREAST,4.164726,High
1069,EHT-1864,905945,T47D_BREAST,3.0964296,Low
1011,Navitoclax,924240,MDAMB415_BREAST,1.3221474,Low
1940,WIKI4,909907,ZR7530_BREAST,5.9458313,High
1622,Wnt-C59,907046,HCC1569_BREAST,3.735803,Low
1494,SN-38,906826,CAL120_BREAST,2.213808,Low
1067,CCT007093,946359,BT474_BREAST,5.6345296,High
1632,Ribociclib,907048,HCC70_BREAST,3.5258138,Low
1175,Rucaparib,908121,MDAMB361_BREAST,3.4382367,Low
1918,AZD8186,906801,BT20_BREAST,2.9450512,Low
1621,PCI-34051,749709,HCC1954_BREAST,3.5579257,Low
2111,VE821,905960,MDAMB231_BREAST,3.9518008,High
1936,Savolitinib,749713,HCC1599_BREAST,3.7230449,Low
1494,SN-38,910927,CAL51_BREAST,-4.2966905,Low
1910,ABT737,906851,EFM19_BREAST,2.233405,Low
2110,GSK591,905960,MDAMB231_BREAST,3.7372453,Low
1512,Cyclophosphamide,1298157,JIMT1_BREAST,4.921618,High
1192,GSK269962A,907045,HCC1419_BREAST,3.2143028,Low
1029,Motesanib,924106,CAL148_BREAST,3.7221093,Low
1037,BX795,907046,HCC1569_BREAST,2.7164314,Low
1615,CZC24832,946382,CAMA1_BREAST,4.2599325,High
1133,Serdemetan,924240,MDAMB415_BREAST,3.6635754,Low
1067,CCT007093,1290922,HDQP1_BREAST,5.4462824,High
1852,LY2109761,749717,HCC38_BREAST,4.760168,High
1093,GSK1904529A,906851,EFM19_BREAST,4.078192,High
1928,I-BRD9,1290905,HCC1428_BREAST,5.7734504,High
1180,Dinaciclib,907047,HCC1806_BREAST,-1.6671437,Low
1068,Obatoclax Mesylate,1240172,MDAMB436_BREAST,1.9627762,Low
1626,OTX015,1240172,MDAMB436_BREAST,4.2188625,High
1529,Pevonedistat,907045,HCC1419_BREAST,3.198939,Low
1010,Gefitinib,908120,MDAMB175VII_BREAST,5.047765,High
2177,SGC0946,907048,HCC70_BREAST,2.4786892,Low
1917,AZD6738,910927,CAL51_BREAST,-0.78151023,Low
2040,Foretinib,905960,MDAMB231_BREAST,1.4491634,Low
1168,Erlotinib,909778,UACC893_BREAST,2.6669176,Low
1177,Niraparib,905946,MCF7_BREAST,4.568044,High
1079,Dasatinib,905960,MDAMB231_BREAST,1.6816123,Low
1096,Tozasertib,946382,CAMA1_BREAST,3.3993876,Low
1019,Bosutinib,905960,MDAMB231_BREAST,2.6129487,Low
1629,ML323,907047,HCC1806_BREAST,4.306182,High
1017,Olaparib,749712,HCC1395_BREAST,3.9036386,High
1175,Rucaparib,905960,MDAMB231_BREAST,3.1428156,Low
1510,Linsitinib,924106,CAL148_BREAST,3.319447,Low
1026,Tanespimycin,908123,MDAMB468_BREAST,0.024169758,Low
1613,VE-822,907048,HCC70_BREAST,3.406037,Low
1939,UMI-77,946359,BT474_BREAST,3.2889204,Low
2359,GSK2830371,749715,HCC2157_BREAST,4.214487,High
1168,Erlotinib,1290798,EFM192A_BREAST,2.8877404,Low
1177,Niraparib,1303900,HCC1500_BREAST,4.363763,High
1175,Rucaparib,946359,BT474_BREAST,4.3912234,High
1558,Lapatinib,1290798,EFM192A_BREAST,3.1475184,Low
1031,Elesclomol,749716,HCC2218_BREAST,2.939822,Low
1248,Daporinad,925338,MDAMB157_BREAST,-3.184808,Low
1925,GDC0810,905957,HS578T_BREAST,4.527685,High
1010,Gefitinib,1290905,HCC1428_BREAST,4.6748576,High
1598,LGK974,906851,EFM19_BREAST,4.041678,High
1131,PRIMA-1MET,749714,HCC1937_BREAST,4.3100677,High
1635,Picolinici-acid,946382,CAMA1_BREAST,3.1865876,Low
1010,Gefitinib,907048,HCC70_BREAST,2.6810517,Low
1190,Gemcitabine,908120,MDAMB175VII_BREAST,4.684481,High
2359,GSK2830371,924240,MDAMB415_BREAST,4.237513,High
1200,Fulvestrant,906826,CAL120_BREAST,5.4749265,High
1930,Telomerase Inhibitor IX,909778,UACC893_BREAST,2.5120356,Low
1019,Bosutinib,907046,HCC1569_BREAST,2.6923473,Low
1614,WZ4003,1290798,EFM192A_BREAST,4.5192323,High
1553,Uprosertib,908121,MDAMB361_BREAST,0.40388167,Low
1928,I-BRD9,908121,MDAMB361_BREAST,3.5019183,Low
2048,Vinorelbine,905960,MDAMB231_BREAST,-2.0109422,Low
1512,Cyclophosphamide,749711,HCC1187_BREAST,3.5891044,Low
1922,Cediranib,909907,ZR7530_BREAST,4.722037,High
2040,Foretinib,1290798,EFM192A_BREAST,2.815528,Low
1096,Tozasertib,910927,CAL51_BREAST,2.6635725,Low
1932,NVP-ADW742,905957,HS578T_BREAST,3.1114073,Low
1057,Dactolisib,906826,CAL120_BREAST,3.512906,Low
1621,PCI-34051,905960,MDAMB231_BREAST,3.5252433,Low
1013,Nilotinib,907048,HCC70_BREAST,2.3189337,Low
1512,Cyclophosphamide,924240,MDAMB415_BREAST,4.361665,High
2173,PFI-1,925338,MDAMB157_BREAST,2.9622939,Low
1010,Gefitinib,1240172,MDAMB436_BREAST,4.3343105,High
1854,MN-64,910852,CAL851_BREAST,4.45382,High
1085,Sorafenib,749713,HCC1599_BREAST,3.3679562,Low
1915,AZD3759,906826,CAL120_BREAST,5.3298364,High
1941,Sepantronium bromide,749714,HCC1937_BREAST,-2.5536513,Low
1032,Afatinib,1298157,JIMT1_BREAST,2.4012558,Low
1917,AZD6738,910852,CAL851_BREAST,3.2980006,Low
1564,SCH772984,907048,HCC70_BREAST,3.4186902,Low
1086,BI-2536,905957,HS578T_BREAST,1.366463,Low
1939,UMI-77,908123,MDAMB468_BREAST,1.7236067,Low
1168,Erlotinib,908123,MDAMB468_BREAST,1.7649822,Low
1054,Palbociclib,946359,BT474_BREAST,4.54444,High
1249,BMS-345541,925338,MDAMB157_BREAST,2.3531923,Low
1168,Erlotinib,1303900,HCC1500_BREAST,3.1878493,Low
1237,EPZ004777,908123,MDAMB468_BREAST,3.573194,Low
1529,Pevonedistat,749709,HCC1954_BREAST,1.5422993,Low
1024,Lestaurtinib,1290922,HDQP1_BREAST,2.2589576,Low
1149,TW 37,905951,BT549_BREAST,2.588076,Low
1033,Vismodegib,1303900,HCC1500_BREAST,4.542573,High
1918,AZD8186,749710,HCC1143_BREAST,2.9400423,Low
1042,Doramapimod,905957,HS578T_BREAST,4.284403,High
1598,LGK974,749712,HCC1395_BREAST,3.659851,Low
1561,Taselisib,909907,ZR7530_BREAST,3.4133258,Low
1037,BX795,749713,HCC1599_BREAST,2.1536367,Low
1131,PRIMA-1MET,905951,BT549_BREAST,3.6987963,Low
1250,AZ960,906851,EFM19_BREAST,2.540178,Low
1372,Trametinib,749717,HCC38_BREAST,2.6330686,Low
2175,CHIR-99021,749716,HCC2218_BREAST,4.1285343,High
1560,Alpelisib,924240,MDAMB415_BREAST,2.356248,Low
1175,Rucaparib,749716,HCC2218_BREAST,3.3117862,Low
1624,I-BET-762,946359,BT474_BREAST,3.496464,Low
1553,Uprosertib,905951,BT549_BREAST,3.3523016,Low
1237,EPZ004777,749712,HCC1395_BREAST,4.241461,High
1192,GSK269962A,906801,BT20_BREAST,2.953029,Low
1043,JNK Inhibitor VIII,906844,DU4475_BREAST,1.8153125,Low
1910,ABT737,946382,CAMA1_BREAST,1.2270536,Low
1168,Erlotinib,925338,MDAMB157_BREAST,3.212173,Low
2106,Uprosertib,910704,AU565_BREAST,0.9394905,Low
1549,Sapitinib,1290798,EFM192A_BREAST,2.7079203,Low
1862,MG-132,908122,MDAMB453_BREAST,-2.3561504,Low
1561,Taselisib,906851,EFM19_BREAST,1.2013106,Low
1008,Methotrexate,907047,HCC1806_BREAST,0.62780315,Low
1051,Alisertib,1290922,HDQP1_BREAST,3.5828931,Low
1626,OTX015,910704,AU565_BREAST,3.0521917,Low
1529,Pevonedistat,749710,HCC1143_BREAST,2.017491,Low
1854,MN-64,1290922,HDQP1_BREAST,4.6435275,High
1933,P22077,906851,EFM19_BREAST,3.8788652,High
1635,Picolinici-acid,749715,HCC2157_BREAST,4.1711125,High
1067,CCT007093,908123,MDAMB468_BREAST,3.629282,Low
1059,AZD8055,749713,HCC1599_BREAST,-1.2936982,Low
1073,5-Fluorouracil,908120,MDAMB175VII_BREAST,8.312307,High
1029,Motesanib,1298157,JIMT1_BREAST,5.4445357,High
1852,LY2109761,749716,HCC2218_BREAST,3.6192813,Low
1598,LGK974,946382,CAMA1_BREAST,2.963222,Low
1615,CZC24832,1290905,HCC1428_BREAST,6.3419123,High
1915,AZD3759,749709,HCC1954_BREAST,1.8235099,Low
2173,PFI-1,749711,HCC1187_BREAST,3.0131943,Low
1089,Oxaliplatin,906844,DU4475_BREAST,2.0607147,Low
2111,VE821,1298157,JIMT1_BREAST,4.9914427,High
1083,Crizotinib,749709,HCC1954_BREAST,3.0754683,Low
1598,LGK974,1240172,MDAMB436_BREAST,4.2661724,High
1563,EPZ5676,749712,HCC1395_BREAST,5.35951,High
1553,Uprosertib,1298157,JIMT1_BREAST,3.6062727,Low
1086,BI-2536,924240,MDAMB415_BREAST,1.1049579,Low
2177,SGC0946,1303900,HCC1500_BREAST,3.1884987,Low
1909,Venetoclax,749712,HCC1395_BREAST,3.4869313,Low
1005,Cisplatin,1290905,HCC1428_BREAST,6.0523534,High
1029,Motesanib,1290905,HCC1428_BREAST,6.067127,High
1558,Lapatinib,749713,HCC1599_BREAST,2.8287098,Low
1054,Palbociclib,905951,BT549_BREAST,3.4973001,Low
1576,IWP-2,905960,MDAMB231_BREAST,2.6700068,Low
1561,Taselisib,949093,BT483_BREAST,3.5540116,Low
1930,Telomerase Inhibitor IX,907045,HCC1419_BREAST,3.2928658,Low
1011,Navitoclax,905951,BT549_BREAST,1.5096188,Low
2169,AZD6482,1290922,HDQP1_BREAST,4.381398,High
1059,AZD8055,909907,ZR7530_BREAST,3.335378,Low
1910,ABT737,909778,UACC893_BREAST,1.2416183,Low
1054,Palbociclib,924106,CAL148_BREAST,3.2361712,Low
2096,VX-11e,908120,MDAMB175VII_BREAST,5.2157917,High
1909,Venetoclax,907045,HCC1419_BREAST,3.564778,Low
1131,PRIMA-1MET,749710,HCC1143_BREAST,3.4558082,Low
1615,CZC24832,924240,MDAMB415_BREAST,4.379508,High
1913,AGI-5198,949093,BT483_BREAST,6.2318134,High
1250,AZ960,909778,UACC893_BREAST,2.308409,Low
1510,Linsitinib,907047,HCC1806_BREAST,3.90039,High
1561,Taselisib,907047,HCC1806_BREAST,1.8778268,Low
1008,Methotrexate,905946,MCF7_BREAST,-0.3646822,Low
1199,Tamoxifen,905945,T47D_BREAST,3.3439212,Low
1011,Navitoclax,1290922,HDQP1_BREAST,2.4171102,Low
1199,Tamoxifen,749717,HCC38_BREAST,4.2585087,High
1043,JNK Inhibitor VIII,924106,CAL148_BREAST,3.7732077,High
1073,5-Fluorouracil,910910,UACC812_BREAST,5.548049,High
1017,Olaparib,749710,HCC1143_BREAST,3.9502215,High
1042,Doramapimod,905945,T47D_BREAST,4.2868843,High
2106,Uprosertib,906801,BT20_BREAST,2.877574,Low
1852,LY2109761,906851,EFM19_BREAST,4.400426,High
1175,Rucaparib,909778,UACC893_BREAST,4.1548953,High
1072,Avagacestat,905951,BT549_BREAST,3.7885725,High
1855,KRAS (G12C) Inhibitor-12,906826,CAL120_BREAST,6.6784844,High
1046,Wee1 Inhibitor,906844,DU4475_BREAST,1.8560967,Low
1003,Camptothecin,1290922,HDQP1_BREAST,1.6625664,Low
1564,SCH772984,910852,CAL851_BREAST,4.0252256,High
1854,MN-64,924240,MDAMB415_BREAST,3.4462898,Low
1617,AZD5582,749716,HCC2218_BREAST,2.181033,Low
1564,SCH772984,908122,MDAMB453_BREAST,3.2388132,Low
1038,NU7441,905945,T47D_BREAST,3.0484614,Low
1026,Tanespimycin,749712,HCC1395_BREAST,1.1369953,Low
1175,Rucaparib,749714,HCC1937_BREAST,4.211549,High
1507,Ruxolitinib,749710,HCC1143_BREAST,4.6390195,High
2046,MK-8776,749713,HCC1599_BREAST,3.6668735,Low
1924,Ipatasertib,907047,HCC1806_BREAST,2.8740366,Low
1941,Sepantronium bromide,1303900,HCC1500_BREAST,-2.3375595,Low
1023,GW441756,908120,MDAMB175VII_BREAST,6.8219748,High
1042,Doramapimod,907046,HCC1569_BREAST,3.911691,High
1043,JNK Inhibitor VIII,946359,BT474_BREAST,5.6679916,High
1069,EHT-1864,909907,ZR7530_BREAST,4.7188826,High
1088,Irinotecan,908122,MDAMB453_BREAST,2.4696865,Low
1149,TW 37,749717,HCC38_BREAST,3.4649606,Low
1918,AZD8186,1290922,HDQP1_BREAST,3.3882477,Low
1168,Erlotinib,1290905,HCC1428_BREAST,4.2136297,High
1615,CZC24832,1298157,JIMT1_BREAST,5.772088,High
1062,Selumetinib,908122,MDAMB453_BREAST,3.470251,Low
1085,Sorafenib,749717,HCC38_BREAST,3.7145376,Low
1936,Savolitinib,905960,MDAMB231_BREAST,2.3232098,Low
1529,Pevonedistat,906826,CAL120_BREAST,4.7543736,High
2111,VE821,906844,DU4475_BREAST,-0.36251462,Low
1093,GSK1904529A,749714,HCC1937_BREAST,4.151088,High
1168,Erlotinib,905946,MCF7_BREAST,2.95594,Low
1079,Dasatinib,749717,HCC38_BREAST,3.2129586,Low
1933,P22077,908120,MDAMB175VII_BREAST,5.9311943,High
1854,MN-64,905960,MDAMB231_BREAST,3.4409301,Low
2359,GSK2830371,1290798,EFM192A_BREAST,5.171824,High
1088,Irinotecan,946382,CAMA1_BREAST,1.2252591,Low
1855,KRAS (G12C) Inhibitor-12,946359,BT474_BREAST,4.8891926,High
1026,Tanespimycin,907047,HCC1806_BREAST,0.09200384,Low
1557,LCL161,906801,BT20_BREAST,4.319682,High
1919,Osimertinib,906826,CAL120_BREAST,5.60675,High
1632,Ribociclib,1290798,EFM192A_BREAST,4.3259993,High
1029,Motesanib,949093,BT483_BREAST,7.4184217,High
1928,I-BRD9,749710,HCC1143_BREAST,4.4204597,High
1618,GSK2606414,905946,MCF7_BREAST,3.2962155,Low
1630,Entospletinib,1303900,HCC1500_BREAST,4.161906,High
1086,BI-2536,1290905,HCC1428_BREAST,2.413965,Low
1576,IWP-2,924240,MDAMB415_BREAST,2.4698825,Low
1578,Leflunomide,749715,HCC2157_BREAST,4.197894,High
1494,SN-38,749712,HCC1395_BREAST,0.3173229,Low
1012,Vorinostat,909907,ZR7530_BREAST,4.505371,High
1053,MK-2206,908121,MDAMB361_BREAST,1.2482294,Low
1250,AZ960,905945,T47D_BREAST,3.0327296,Low
1014,Refametinib,946382,CAMA1_BREAST,2.5275688,Low
1941,Sepantronium bromide,907045,HCC1419_BREAST,-1.5941865,Low
1927,GSK2578215A,906801,BT20_BREAST,4.041469,High
1919,Osimertinib,906844,DU4475_BREAST,-1.3978329,Low
1936,Savolitinib,910852,CAL851_BREAST,3.7772517,High
2177,SGC0946,905960,MDAMB231_BREAST,2.1992247,Low
1375,Temozolomide,907045,HCC1419_BREAST,5.8633275,High
1924,Ipatasertib,949093,BT483_BREAST,4.1517005,High
2110,GSK591,749715,HCC2157_BREAST,3.606156,Low
1593,Entinostat,749716,HCC2218_BREAST,2.6251633,Low
1177,Niraparib,905945,T47D_BREAST,4.7701097,High
1054,Palbociclib,907048,HCC70_BREAST,3.765595,Low
1919,Osimertinib,1298157,JIMT1_BREAST,2.95766,Low
2177,SGC0946,908121,MDAMB361_BREAST,2.5175185,Low
1618,GSK2606414,1290905,HCC1428_BREAST,4.583202,High
1557,LCL161,907047,HCC1806_BREAST,4.437642,High
2106,Uprosertib,905951,BT549_BREAST,3.3523016,Low
1926,GNE-317,1240172,MDAMB436_BREAST,2.0133998,Low
1613,VE-822,1298157,JIMT1_BREAST,3.904591,High
1940,WIKI4,1290922,HDQP1_BREAST,4.534034,High
1852,LY2109761,1290922,HDQP1_BREAST,4.7074757,High
1043,JNK Inhibitor VIII,749716,HCC2218_BREAST,4.222134,High
1199,Tamoxifen,906844,DU4475_BREAST,0.04630886,Low
1624,I-BET-762,905951,BT549_BREAST,2.963533,Low
1036,PLX-4720,1290798,EFM192A_BREAST,5.3575106,High
1511,Epirubicin,907047,HCC1806_BREAST,-0.46392673,Low
1626,OTX015,749710,HCC1143_BREAST,3.2495046,Low
1932,NVP-ADW742,749715,HCC2157_BREAST,3.1647046,Low
1926,GNE-317,908122,MDAMB453_BREAST,-0.19308476,Low
1941,Sepantronium bromide,905957,HS578T_BREAST,-0.69844854,Low
1030,KU-55933,905951,BT549_BREAST,4.6396084,High
1909,Venetoclax,905960,MDAMB231_BREAST,3.5226474,Low
2044,Pyridostatin,907046,HCC1569_BREAST,3.2212677,Low
1375,Temozolomide,924240,MDAMB415_BREAST,5.353789,High
1620,PFI3,1290922,HDQP1_BREAST,5.367475,High
1180,Dinaciclib,1290798,EFM192A_BREAST,-1.5256863,Low
1008,Methotrexate,1303900,HCC1500_BREAST,1.0374134,Low
1086,BI-2536,905960,MDAMB231_BREAST,0.17864516,Low
1925,GDC0810,946359,BT474_BREAST,5.230231,High
1089,Oxaliplatin,1290922,HDQP1_BREAST,5.17691,High
1931,MIRA-1,905946,MCF7_BREAST,4.773321,High
1012,Vorinostat,1290922,HDQP1_BREAST,3.3268714,Low
1941,Sepantronium bromide,909778,UACC893_BREAST,-2.961625,Low
1089,Oxaliplatin,907048,HCC70_BREAST,4.306071,High
1919,Osimertinib,749713,HCC1599_BREAST,1.1795573,Low
2045,AMG-319,908121,MDAMB361_BREAST,4.0093536,High
1067,CCT007093,905951,BT549_BREAST,4.9224305,High
1051,Alisertib,909907,ZR7530_BREAST,5.38897,High
1933,P22077,749715,HCC2157_BREAST,3.1482003,Low
1014,Refametinib,749716,HCC2218_BREAST,2.9076858,Low
2169,AZD6482,910927,CAL51_BREAST,1.5273257,Low
